{"cameraMode":{"drawMode":0,"name":"Shaded","section":"Shading Mode"},"sceneLighting":true,"audioPlay":false,"sceneViewState":{"showFog":false,"showMaterialUpdate":false,"showSkybox":false,"showFlares":false,"showImageEffects":false,"showParticleSystems":false},"in2DMode":false,"pivot":{"x":-9.19754695892334,"y":-8.48042106628418,"z":-12.153349876403809},"rotation":{"x":-0.25979506969451907,"y":0.0063698021695017818,"z":-0.001716561266221106,"w":-0.9656616449356079},"size":4.143050193786621,"orthographic":false}