{"cameraMode":{"drawMode":0,"name":"Shaded","section":"Shading Mode"},"sceneLighting":true,"audioPlay":false,"sceneViewState":{"showFog":false,"showMaterialUpdate":false,"showSkybox":false,"showFlares":false,"showImageEffects":false,"showParticleSystems":false},"in2DMode":false,"pivot":{"x":-8.667393684387207,"y":-10.111152648925782,"z":-9.318288803100586},"rotation":{"x":-0.3171662986278534,"y":-0.020763259381055833,"z":0.006956642493605614,"w":-0.9481489658355713},"size":6.029545307159424,"orthographic":false}