{"cameraMode":{"drawMode":0,"name":"Shaded","section":"Shading Mode"},"sceneLighting":true,"audioPlay":false,"sceneViewState":{"showFog":false,"showMaterialUpdate":false,"showSkybox":false,"showFlares":false,"showImageEffects":false,"showParticleSystems":false},"in2DMode":false,"pivot":{"x":-5.9256696701049809,"y":-8.489221572875977,"z":-9.35598373413086},"rotation":{"x":0.17451830208301545,"y":-0.14271771907806397,"z":0.025572944432497026,"w":0.9739202260971069},"size":7.330270767211914,"orthographic":false}