{"cameraMode":{"drawMode":0,"name":"Shaded","section":"Shading Mode"},"sceneLighting":false,"audioPlay":false,"sceneViewState":{"showFog":false,"showMaterialUpdate":false,"showSkybox":false,"showFlares":false,"showImageEffects":false,"showParticleSystems":false},"in2DMode":false,"pivot":{"x":-3.9242591857910158,"y":-4.38716983795166,"z":-5.2571702003479},"rotation":{"x":0.19082951545715333,"y":-0.05444994941353798,"z":0.010620652697980404,"w":0.9800543785095215},"size":31.15274429321289,"orthographic":false}