{"cameraMode":{"drawMode":0,"name":"Shaded","section":"Shading Mode"},"sceneLighting":true,"audioPlay":false,"sceneViewState":{"showFog":false,"showMaterialUpdate":false,"showSkybox":false,"showFlares":false,"showImageEffects":false,"showParticleSystems":false},"in2DMode":false,"pivot":{"x":-9.209269523620606,"y":-8.504087448120118,"z":-12.120854377746582},"rotation":{"x":-0.07780545204877854,"y":0.8095030188560486,"z":-0.1102023497223854,"w":-0.5714513659477234},"size":10.176607131958008,"orthographic":false}